filename,predicted_class,confidence,true_label
TN3K_test_0000.jpg,1,0.9992757439613342,0
TN3K_test_0001.jpg,1,0.9992092847824097,0
TN3K_test_0002.jpg,0,0.9988584518432617,0
TN3K_test_0003.jpg,0,0.9936114549636841,0
TN3K_test_0004.jpg,0,0.9785498976707458,0
TN3K_test_0005.jpg,0,0.9969554543495178,0
TN3K_test_0006.jpg,0,0.9985362887382507,0
TN3K_test_0007.jpg,0,0.9905484318733215,0
TN3K_test_0008.jpg,0,0.9993147253990173,0
TN3K_test_0009.jpg,0,0.9992021918296814,0
TN3K_test_0010.jpg,1,0.9992799162864685,0
TN3K_test_0011.jpg,0,0.9992174506187439,0
TN3K_test_0012.jpg,0,0.8663734197616577,0
TN3K_test_0013.jpg,1,0.9956347346305847,0
TN3K_test_0014.jpg,0,0.9987812042236328,0
TN3K_test_0015.jpg,1,0.999302864074707,0
TN3K_test_0016.jpg,1,0.9694004654884338,0
TN3K_test_0017.jpg,0,0.9839845895767212,0
TN3K_test_0018.jpg,0,0.9985960125923157,0
TN3K_test_0019.jpg,1,0.9981295466423035,0
TN3K_test_0020.jpg,0,0.9993152618408203,0
TN3K_test_0021.jpg,0,0.9993134140968323,0
TN3K_test_0022.jpg,0,0.9879027009010315,0
TN3K_test_0023.jpg,1,0.578514575958252,0
TN3K_test_0024.jpg,0,0.9898536205291748,0
TN3K_test_0025.jpg,1,0.9956874251365662,0
TN3K_test_0026.jpg,1,0.9815017580986023,0
TN3K_test_0027.jpg,0,0.9948742389678955,0
TN3K_test_0028.jpg,0,0.9525552988052368,0
TN3K_test_0029.jpg,0,0.983263373374939,0
TN3K_test_0030.jpg,1,0.9982039928436279,0
TN3K_test_0031.jpg,1,0.9947691559791565,0
TN3K_test_0032.jpg,1,0.9975341558456421,0
TN3K_test_0033.jpg,1,0.9982272982597351,0
TN3K_test_0034.jpg,1,0.9791143536567688,0
TN3K_test_0035.jpg,1,0.9989885687828064,0
TN3K_test_0036.jpg,1,0.9989186525344849,0
TN3K_test_0037.jpg,1,0.9991531372070312,0
TN3K_test_0038.jpg,0,0.9960651993751526,0
TN3K_test_0039.jpg,0,0.9994847774505615,0
TN3K_test_0040.jpg,0,0.9985600113868713,0
TN3K_test_0041.jpg,0,0.9986056685447693,0
TN3K_test_0042.jpg,0,0.9987771511077881,0
TN3K_test_0043.jpg,0,0.9955599904060364,0
TN3K_test_0044.jpg,0,0.9958342909812927,0
TN3K_test_0045.jpg,1,0.9926996827125549,0
TN3K_test_0046.jpg,0,0.9423999786376953,0
TN3K_test_0047.jpg,1,0.9992621541023254,0
TN3K_test_0048.jpg,1,0.9911796450614929,0
TN3K_test_0049.jpg,0,0.999229907989502,0
TN3K_test_0050.jpg,0,0.8915268182754517,0
TN3K_test_0051.jpg,1,0.9978413581848145,0
TN3K_test_0052.jpg,0,0.9978100657463074,0
TN3K_test_0053.jpg,0,0.9988502860069275,0
TN3K_test_0054.jpg,0,0.9670382738113403,0
TN3K_test_0055.jpg,0,0.999235212802887,0
TN3K_test_0056.jpg,1,0.9868523478507996,0
TN3K_test_0057.jpg,0,0.9992722868919373,0
TN3K_test_0058.jpg,0,0.9993120431900024,0
TN3K_test_0059.jpg,0,0.9994486570358276,0
TN3K_test_0060.jpg,0,0.9952468276023865,0
TN3K_test_0061.jpg,0,0.9780863523483276,0
TN3K_test_0062.jpg,0,0.968539297580719,0
TN3K_test_0063.jpg,0,0.9964808225631714,0
TN3K_test_0064.jpg,0,0.9991456866264343,0
TN3K_test_0065.jpg,0,0.9980114102363586,0
TN3K_test_0066.jpg,0,0.9921843409538269,0
TN3K_test_0067.jpg,1,0.9986087679862976,0
TN3K_test_0068.jpg,0,0.5981661081314087,0
TN3K_test_0069.jpg,0,0.9976895451545715,0
TN3K_test_0070.jpg,0,0.9994061589241028,0
TN3K_test_0071.jpg,0,0.9984826445579529,0
TN3K_test_0072.jpg,0,0.9988731145858765,0
TN3K_test_0073.jpg,0,0.942783534526825,0
TN3K_test_0074.jpg,0,0.917543351650238,0
TN3K_test_0075.jpg,0,0.9994128942489624,0
TN3K_test_0076.jpg,0,0.9948989748954773,0
TN3K_test_0077.jpg,1,0.999161958694458,0
TN3K_test_0078.jpg,1,0.9993016719818115,0
TN3K_test_0079.jpg,0,0.9978106617927551,0
TN3K_test_0080.jpg,0,0.9986163973808289,0
TN3K_test_0081.jpg,0,0.7762871384620667,0
TN3K_test_0082.jpg,1,0.9992275238037109,0
TN3K_test_0083.jpg,0,0.9693028330802917,0
TN3K_test_0084.jpg,0,0.9979146718978882,0
TN3K_test_0085.jpg,0,0.9290804266929626,0
TN3K_test_0086.jpg,0,0.9888631701469421,0
TN3K_test_0087.jpg,1,0.9580569863319397,0
TN3K_test_0088.jpg,0,0.9977940320968628,0
TN3K_test_0089.jpg,0,0.9993858933448792,0
TN3K_test_0090.jpg,1,0.9993034601211548,0
TN3K_test_0091.jpg,0,0.994110643863678,0
TN3K_test_0092.jpg,0,0.9728384017944336,0
TN3K_test_0093.jpg,1,0.9991651773452759,0
TN3K_test_0094.jpg,1,0.9993054866790771,0
TN3K_test_0095.jpg,0,0.9995359778404236,0
TN3K_test_0096.jpg,1,0.9979446530342102,0
TN3K_test_0097.jpg,0,0.9993051886558533,0
TN3K_test_0098.jpg,0,0.9929252862930298,0
TN3K_test_0099.jpg,0,0.999415397644043,0
TN3K_test_0100.jpg,0,0.9990893006324768,0
TN3K_test_0101.jpg,0,0.9991303086280823,0
TN3K_test_0102.jpg,0,0.9975655674934387,0
TN3K_test_0103.jpg,0,0.9993667602539062,0
TN3K_test_0104.jpg,0,0.999448835849762,0
TN3K_test_0105.jpg,0,0.9987912178039551,0
TN3K_test_0106.jpg,0,0.9990344643592834,0
TN3K_test_0107.jpg,1,0.5685245394706726,0
TN3K_test_0108.jpg,0,0.9989461898803711,0
TN3K_test_0109.jpg,0,0.9990365505218506,0
TN3K_test_0110.jpg,0,0.9993593692779541,0
TN3K_test_0111.jpg,0,0.9922969937324524,0
TN3K_test_0112.jpg,1,0.997617781162262,0
TN3K_test_0113.jpg,0,0.8171465396881104,0
TN3K_test_0114.jpg,0,0.9990369081497192,0
TN3K_test_0115.jpg,0,0.8509752750396729,0
TN3K_test_0116.jpg,1,0.857787549495697,0
TN3K_test_0117.jpg,0,0.982779324054718,0
TN3K_test_0118.jpg,1,0.9106625318527222,0
TN3K_test_0119.jpg,0,0.9949182271957397,0
TN3K_test_0120.jpg,0,0.9984449148178101,0
TN3K_test_0121.jpg,1,0.9992596507072449,0
TN3K_test_0122.jpg,0,0.8260273933410645,0
TN3K_test_0123.jpg,0,0.9994944334030151,0
TN3K_test_0124.jpg,1,0.999283492565155,0
TN3K_test_0125.jpg,0,0.860564112663269,0
TN3K_test_0126.jpg,0,0.9184473156929016,0
TN3K_test_0127.jpg,1,0.9451050758361816,0
TN3K_test_0128.jpg,1,0.9993053674697876,0
TN3K_test_0129.jpg,1,0.9993138313293457,0
TN3K_test_0130.jpg,0,0.9974200129508972,0
TN3K_test_0131.jpg,0,0.9963428378105164,0
TN3K_test_0132.jpg,1,0.997423529624939,0
TN3K_test_0133.jpg,0,0.9991176724433899,0
TN3K_test_0134.jpg,0,0.8834546804428101,0
TN3K_test_0135.jpg,0,0.9993351697921753,0
TN3K_test_0136.jpg,0,0.9865480065345764,0
TN3K_test_0137.jpg,0,0.9489043951034546,0
TN3K_test_0138.jpg,0,0.9952906966209412,0
TN3K_test_0139.jpg,1,0.9990929365158081,0
TN3K_test_0140.jpg,0,0.9995333552360535,0
TN3K_test_0141.jpg,0,0.9965580701828003,0
TN3K_test_0142.jpg,0,0.9992682933807373,0
TN3K_test_0143.jpg,0,0.9629806280136108,0
TN3K_test_0144.jpg,0,0.6115902662277222,0
TN3K_test_0145.jpg,1,0.9766106605529785,0
TN3K_test_0146.jpg,0,0.9985947012901306,0
TN3K_test_0147.jpg,0,0.9990829825401306,0
TN3K_test_0148.jpg,0,0.9952654838562012,0
TN3K_test_0149.jpg,0,0.9993881583213806,0
TN3K_test_0150.jpg,0,0.9991056323051453,0
TN3K_test_0151.jpg,0,0.9992848038673401,0
TN3K_test_0152.jpg,0,0.9994853734970093,0
TN3K_test_0153.jpg,0,0.99875408411026,0
TN3K_test_0154.jpg,1,0.9989896416664124,0
TN3K_test_0155.jpg,1,0.9986538887023926,0
TN3K_test_0156.jpg,1,0.9989011287689209,0
TN3K_test_0157.jpg,0,0.996524453163147,0
TN3K_test_0158.jpg,1,0.9991794228553772,0
TN3K_test_0159.jpg,0,0.9947429895401001,0
TN3K_test_0160.jpg,0,0.9990619421005249,0
TN3K_test_0161.jpg,0,0.98485267162323,0
TN3K_test_0162.jpg,0,0.9977054595947266,0
TN3K_test_0163.jpg,0,0.9606532454490662,0
TN3K_test_0164.jpg,1,0.5117109417915344,0
TN3K_test_0165.jpg,0,0.9981653094291687,0
TN3K_test_0166.jpg,0,0.705772340297699,0
TN3K_test_0167.jpg,1,0.5770217776298523,0
TN3K_test_0168.jpg,1,0.9991679191589355,0
TN3K_test_0169.jpg,0,0.9366718530654907,0
TN3K_test_0170.jpg,0,0.6362537145614624,0
TN3K_test_0171.jpg,0,0.9991083145141602,0
TN3K_test_0172.jpg,0,0.99681156873703,0
TN3K_test_0173.jpg,1,0.9987088441848755,0
TN3K_test_0174.jpg,0,0.9980028867721558,0
TN3K_test_0175.jpg,1,0.9992818236351013,0
TN3K_test_0176.jpg,1,0.9991304278373718,0
TN3K_test_0177.jpg,0,0.9994848966598511,0
TN3K_test_0178.jpg,0,0.9985021948814392,0
TN3K_test_0179.jpg,0,0.998618483543396,0
TN3K_test_0180.jpg,1,0.9966822266578674,0
TN3K_test_0181.jpg,0,0.8755607008934021,0
TN3K_test_0182.jpg,1,0.9974920749664307,0
TN3K_test_0183.jpg,0,0.9987427592277527,0
TN3K_test_0184.jpg,0,0.9978368878364563,0
TN3K_test_0185.jpg,0,0.9911901950836182,0
TN3K_test_0186.jpg,0,0.9826295971870422,0
TN3K_test_0187.jpg,0,0.9990838170051575,0
TN3K_test_0188.jpg,0,0.9992586374282837,0
TN3K_test_0189.jpg,1,0.9992668032646179,0
TN3K_test_0190.jpg,1,0.9943658113479614,0
TN3K_test_0191.jpg,0,0.9521689414978027,0
TN3K_test_0192.jpg,0,0.9978784918785095,0
TN3K_test_0193.jpg,1,0.9991610050201416,0
TN3K_test_0194.jpg,0,0.7449710369110107,0
TN3K_test_0195.jpg,0,0.7839366793632507,0
TN3K_test_0196.jpg,1,0.9958576560020447,0
TN3K_test_0197.jpg,1,0.962101936340332,0
TN3K_test_0198.jpg,0,0.9961870312690735,0
TN3K_test_0199.jpg,0,0.9993953108787537,0
TN3K_test_0200.jpg,0,0.9748549461364746,0
TN3K_test_0201.jpg,1,0.8624579310417175,0
TN3K_test_0202.jpg,0,0.9992379546165466,0
TN3K_test_0203.jpg,1,0.9772994518280029,0
TN3K_test_0204.jpg,0,0.9696846604347229,0
TN3K_test_0205.jpg,0,0.9973282814025879,0
TN3K_test_0206.jpg,1,0.9879001379013062,0
TN3K_test_0207.jpg,1,0.9987768530845642,0
TN3K_test_0208.jpg,0,0.9980989098548889,0
TN3K_test_0209.jpg,0,0.9986547827720642,0
TN3K_test_0210.jpg,0,0.9991121292114258,0
TN3K_test_0211.jpg,0,0.984927237033844,0
TN3K_test_0212.jpg,0,0.9990769028663635,0
TN3K_test_0213.jpg,0,0.9572670459747314,0
TN3K_test_0214.jpg,1,0.8034346103668213,0
TN3K_test_0215.jpg,0,0.9988930821418762,0
TN3K_test_0216.jpg,0,0.9992311000823975,0
TN3K_test_0217.jpg,1,0.9990857839584351,0
TN3K_test_0218.jpg,0,0.9983261823654175,0
TN3K_test_0219.jpg,1,0.9985395669937134,0
TN3K_test_0220.jpg,1,0.998320996761322,0
TN3K_test_0221.jpg,0,0.9868598580360413,0
TN3K_test_0222.jpg,0,0.9994336366653442,0
TN3K_test_0223.jpg,0,0.9847540855407715,0
TN3K_test_0224.jpg,1,0.7996200323104858,0
TN3K_test_0225.jpg,0,0.7821704149246216,0
TN3K_test_0226.jpg,1,0.9946022629737854,0
TN3K_test_0227.jpg,0,0.9991698861122131,0
TN3K_test_0228.jpg,0,0.9992246031761169,0
TN3K_test_0229.jpg,1,0.9687915444374084,0
TN3K_test_0230.jpg,1,0.9992471933364868,0
TN3K_test_0231.jpg,1,0.9986639022827148,0
TN3K_test_0232.jpg,1,0.9980027079582214,0
TN3K_test_0233.jpg,1,0.5656692981719971,0
TN3K_test_0234.jpg,0,0.9994384050369263,0
TN3K_test_0235.jpg,1,0.9182063341140747,0
TN3K_test_0236.jpg,0,0.9993425011634827,0
TN3K_test_0237.jpg,0,0.9151791334152222,0
TN3K_test_0238.jpg,0,0.9994292855262756,0
TN3K_test_0239.jpg,0,0.9994053840637207,0
TN3K_test_0240.jpg,0,0.5194636583328247,0
TN3K_test_0241.jpg,0,0.9929783344268799,0
TN3K_test_0242.jpg,1,0.9973579049110413,0
TN3K_test_0243.jpg,1,0.9992246627807617,0
TN3K_test_0244.jpg,0,0.8823792338371277,0
TN3K_test_0245.jpg,0,0.99945467710495,0
TN3K_test_0246.jpg,0,0.9985219240188599,0
TN3K_test_0247.jpg,0,0.9987057447433472,0
TN3K_test_0248.jpg,1,0.849852979183197,0
TN3K_test_0249.jpg,1,0.9979453682899475,0
TN3K_test_0250.jpg,0,0.9992310404777527,0
TN3K_test_0251.jpg,1,0.9992303848266602,0
TN3K_test_0252.jpg,0,0.9956977963447571,0
TN3K_test_0253.jpg,0,0.9971555471420288,0
TN3K_test_0254.jpg,0,0.9763415455818176,0
TN3K_test_0255.jpg,1,0.9993102550506592,0
TN3K_test_0256.jpg,0,0.9992634654045105,0
TN3K_test_0257.jpg,1,0.5443923473358154,0
TN3K_test_0258.jpg,0,0.9995331764221191,0
TN3K_test_0259.jpg,1,0.9992480874061584,0
TN3K_test_0260.jpg,0,0.9985523223876953,0
TN3K_test_0261.jpg,0,0.9995297789573669,0
TN3K_test_0262.jpg,0,0.999329686164856,0
TN3K_test_0263.jpg,0,0.9994316101074219,0
TN3K_test_0264.jpg,0,0.9992266297340393,0
TN3K_test_0265.jpg,0,0.9987884163856506,0
TN3K_test_0266.jpg,0,0.9994378089904785,0
TN3K_test_0267.jpg,0,0.5067671537399292,0
TN3K_test_0268.jpg,0,0.999284565448761,0
TN3K_test_0269.jpg,0,0.9991837739944458,0
TN3K_test_0270.jpg,0,0.9994668364524841,0
TN3K_test_0271.jpg,1,0.8981287479400635,0
TN3K_test_0272.jpg,0,0.9971845149993896,0
TN3K_test_0273.jpg,0,0.8407800197601318,0
TN3K_test_0274.jpg,0,0.8357192873954773,0
TN3K_test_0275.jpg,1,0.996543824672699,0
TN3K_test_0276.jpg,0,0.9994211196899414,0
TN3K_test_0277.jpg,1,0.9478893280029297,0
TN3K_test_0278.jpg,0,0.9989524483680725,0
TN3K_test_0279.jpg,1,0.6717574000358582,0
TN3K_test_0280.jpg,0,0.9993463158607483,0
TN3K_test_0281.jpg,1,0.9992741942405701,0
TN3K_test_0282.jpg,0,0.9993026852607727,0
TN3K_test_0283.jpg,0,0.9991567134857178,0
TN3K_test_0284.jpg,0,0.9984912872314453,0
TN3K_test_0285.jpg,1,0.5807213187217712,0
TN3K_test_0286.jpg,0,0.9980011582374573,0
TN3K_test_0287.jpg,0,0.5390902161598206,0
TN3K_test_0288.jpg,0,0.9974679946899414,0
TN3K_test_0289.jpg,1,0.9987851977348328,0
TN3K_test_0290.jpg,0,0.9993570446968079,0
TN3K_test_0291.jpg,0,0.9796628355979919,0
TN3K_test_0292.jpg,1,0.7873790264129639,0
TN3K_test_0293.jpg,0,0.9995105266571045,0
TN3K_test_0294.jpg,0,0.841678261756897,0
TN3K_test_0295.jpg,0,0.9994775056838989,0
TN3K_test_0296.jpg,0,0.806001603603363,0
TN3K_test_0297.jpg,0,0.9989450573921204,0
TN3K_test_0298.jpg,0,0.9908170700073242,0
TN3K_test_0299.jpg,0,0.998316764831543,0
TN3K_test_0300.jpg,0,0.9583594799041748,0
TN3K_test_0301.jpg,0,0.9843091368675232,0
TN3K_test_0302.jpg,0,0.999335527420044,0
TN3K_test_0303.jpg,0,0.92952960729599,0
TN3K_test_0304.jpg,0,0.9993205070495605,0
TN3K_test_0305.jpg,1,0.9991925358772278,0
TN3K_test_0306.jpg,0,0.9994357824325562,0
TN3K_test_0307.jpg,0,0.9995166063308716,0
TN3K_test_0308.jpg,0,0.9994477033615112,0
TN3K_test_0309.jpg,0,0.9989117980003357,0
TN3K_test_0310.jpg,0,0.9993941187858582,0
TN3K_test_0311.jpg,0,0.999532163143158,0
TN3K_test_0312.jpg,1,0.9979783892631531,0
TN3K_test_0313.jpg,0,0.9992842078208923,0
TN3K_test_0314.jpg,0,0.9793168306350708,0
TN3K_test_0315.jpg,0,0.9507521986961365,0
TN3K_test_0316.jpg,0,0.9984234571456909,0
TN3K_test_0317.jpg,1,0.9977745413780212,0
TN3K_test_0318.jpg,0,0.9939494729042053,0
TN3K_test_0319.jpg,1,0.9992333650588989,0
TN3K_test_0320.jpg,1,0.9222240447998047,0
TN3K_test_0321.jpg,0,0.9991555213928223,0
TN3K_test_0322.jpg,0,0.9994532465934753,0
TN3K_test_0323.jpg,0,0.9992522597312927,0
TN3K_test_0324.jpg,0,0.9993977546691895,0
TN3K_test_0325.jpg,0,0.9874816536903381,0
TN3K_test_0326.jpg,1,0.9963646531105042,0
TN3K_test_0327.jpg,1,0.9898451566696167,0
TN3K_test_0328.jpg,0,0.8953726291656494,0
TN3K_test_0329.jpg,0,0.9993545413017273,0
TN3K_test_0330.jpg,0,0.9988716244697571,0
TN3K_test_0331.jpg,0,0.9993852376937866,0
TN3K_test_0332.jpg,0,0.9988048076629639,0
TN3K_test_0333.jpg,0,0.999443531036377,0
TN3K_test_0334.jpg,0,0.9990441203117371,0
TN3K_test_0335.jpg,0,0.9992722868919373,0
TN3K_test_0336.jpg,0,0.9993069767951965,0
TN3K_test_0337.jpg,1,0.9991119503974915,0
TN3K_test_0338.jpg,1,0.9972544312477112,0
TN3K_test_0339.jpg,0,0.9966151714324951,0
TN3K_test_0340.jpg,0,0.9994650483131409,0
TN3K_test_0341.jpg,0,0.7766781449317932,0
TN3K_test_0342.jpg,0,0.9820775389671326,0
TN3K_test_0343.jpg,0,0.9628143906593323,0
TN3K_test_0344.jpg,1,0.9965684413909912,0
TN3K_test_0345.jpg,1,0.862829327583313,0
TN3K_test_0346.jpg,0,0.5001551508903503,0
TN3K_test_0347.jpg,1,0.9993206262588501,0
TN3K_test_0348.jpg,0,0.9269373416900635,0
TN3K_test_0349.jpg,1,0.9950979351997375,0
TN3K_test_0350.jpg,1,0.8833847045898438,0
TN3K_test_0351.jpg,1,0.9992952346801758,0
TN3K_test_0352.jpg,0,0.9992602467536926,0
TN3K_test_0353.jpg,0,0.9988144636154175,0
TN3K_test_0354.jpg,1,0.9989797472953796,0
TN3K_test_0355.jpg,0,0.9990057945251465,0
TN3K_test_0356.jpg,0,0.9984491467475891,0
TN3K_test_0357.jpg,1,0.9961870312690735,0
TN3K_test_0358.jpg,1,0.9989653825759888,0
TN3K_test_0359.jpg,0,0.9990720152854919,0
TN3K_test_0360.jpg,0,0.6495407819747925,0
TN3K_test_0361.jpg,0,0.9995142221450806,0
TN3K_test_0362.jpg,0,0.9994906187057495,0
TN3K_test_0363.jpg,1,0.997589111328125,0
TN3K_test_0364.jpg,0,0.9973769783973694,0
TN3K_test_0365.jpg,0,0.9956490993499756,0
TN3K_test_0366.jpg,1,0.9818228483200073,0
TN3K_test_0367.jpg,0,0.9741714596748352,0
TN3K_test_0368.jpg,0,0.9995065331459045,0
TN3K_test_0369.jpg,0,0.966709554195404,0
TN3K_test_0370.jpg,1,0.7834298610687256,0
TN3K_test_0371.jpg,0,0.9979139566421509,0
TN3K_test_0372.jpg,0,0.5661616325378418,0
TN3K_test_0373.jpg,1,0.9722880721092224,0
TN3K_test_0374.jpg,1,0.9991446733474731,0
TN3K_test_0375.jpg,0,0.9990240931510925,0
TN3K_test_0376.jpg,0,0.9986994862556458,0
TN3K_test_0377.jpg,0,0.9993523359298706,0
TN3K_test_0378.jpg,1,0.997506320476532,1
TN3K_test_0379.jpg,1,0.9991866946220398,1
TN3K_test_0380.jpg,1,0.9993163347244263,1
TN3K_test_0381.jpg,1,0.999312162399292,1
TN3K_test_0382.jpg,1,0.9992955923080444,1
TN3K_test_0383.jpg,1,0.9917218089103699,1
TN3K_test_0384.jpg,1,0.9991908669471741,1
TN3K_test_0385.jpg,0,0.9990444183349609,1
TN3K_test_0386.jpg,0,0.9994238615036011,1
TN3K_test_0387.jpg,1,0.9992355108261108,1
TN3K_test_0388.jpg,1,0.9992974996566772,1
TN3K_test_0389.jpg,1,0.9992374181747437,1
TN3K_test_0390.jpg,1,0.9993071556091309,1
TN3K_test_0391.jpg,1,0.9983550906181335,1
TN3K_test_0392.jpg,1,0.8340809941291809,1
TN3K_test_0393.jpg,1,0.9945993423461914,1
TN3K_test_0394.jpg,1,0.9992807507514954,1
TN3K_test_0395.jpg,1,0.9991737008094788,1
TN3K_test_0396.jpg,1,0.9992749094963074,1
TN3K_test_0397.jpg,1,0.9864437580108643,1
TN3K_test_0398.jpg,0,0.5770220756530762,1
TN3K_test_0399.jpg,1,0.9992921352386475,1
TN3K_test_0400.jpg,1,0.9984551668167114,1
TN3K_test_0401.jpg,1,0.9979068040847778,1
TN3K_test_0402.jpg,1,0.8562613129615784,1
TN3K_test_0403.jpg,0,0.9781568050384521,1
TN3K_test_0404.jpg,0,0.9992300271987915,1
TN3K_test_0405.jpg,0,0.9990854859352112,1
TN3K_test_0406.jpg,0,0.9947894811630249,1
TN3K_test_0407.jpg,1,0.9993038177490234,1
TN3K_test_0408.jpg,1,0.9980175495147705,1
TN3K_test_0409.jpg,1,0.559225857257843,1
TN3K_test_0410.jpg,1,0.9993044137954712,1
TN3K_test_0411.jpg,0,0.9956954121589661,1
TN3K_test_0412.jpg,0,0.9993799924850464,1
TN3K_test_0413.jpg,1,0.9992703795433044,1
TN3K_test_0414.jpg,1,0.9975963234901428,1
TN3K_test_0415.jpg,1,0.9992484450340271,1
TN3K_test_0416.jpg,1,0.8134846091270447,1
TN3K_test_0417.jpg,1,0.9992945194244385,1
TN3K_test_0418.jpg,1,0.9990561604499817,1
TN3K_test_0419.jpg,1,0.999300479888916,1
TN3K_test_0420.jpg,1,0.999255359172821,1
TN3K_test_0421.jpg,1,0.9993109703063965,1
TN3K_test_0422.jpg,1,0.999308705329895,1
TN3K_test_0423.jpg,1,0.999306321144104,1
TN3K_test_0424.jpg,1,0.999289870262146,1
TN3K_test_0425.jpg,1,0.9992756247520447,1
TN3K_test_0426.jpg,1,0.999301552772522,1
TN3K_test_0427.jpg,1,0.9992314577102661,1
TN3K_test_0428.jpg,1,0.992143988609314,1
TN3K_test_0429.jpg,0,0.9990093111991882,1
TN3K_test_0430.jpg,1,0.9969626069068909,1
TN3K_test_0431.jpg,0,0.9993348717689514,1
TN3K_test_0432.jpg,0,0.9940622448921204,1
TN3K_test_0433.jpg,0,0.9988923072814941,1
TN3K_test_0434.jpg,0,0.5571794509887695,1
TN3K_test_0435.jpg,1,0.9991757273674011,1
TN3K_test_0436.jpg,1,0.9992967844009399,1
TN3K_test_0437.jpg,1,0.9992759823799133,1
TN3K_test_0438.jpg,1,0.9992896318435669,1
TN3K_test_0439.jpg,1,0.9982920289039612,1
TN3K_test_0440.jpg,1,0.9992992877960205,1
TN3K_test_0441.jpg,1,0.9993033409118652,1
TN3K_test_0442.jpg,1,0.9993081092834473,1
TN3K_test_0443.jpg,1,0.9965590834617615,1
TN3K_test_0444.jpg,1,0.9544284343719482,1
TN3K_test_0445.jpg,1,0.9993101358413696,1
TN3K_test_0446.jpg,1,0.517714262008667,1
TN3K_test_0447.jpg,1,0.9991368651390076,1
TN3K_test_0448.jpg,1,0.9917466640472412,1
TN3K_test_0449.jpg,1,0.9992275238037109,1
TN3K_test_0450.jpg,1,0.8163276314735413,1
TN3K_test_0451.jpg,0,0.9154412746429443,1
TN3K_test_0452.jpg,1,0.9482911229133606,1
TN3K_test_0453.jpg,1,0.9992375373840332,1
TN3K_test_0454.jpg,0,0.8824805617332458,1
TN3K_test_0455.jpg,1,0.9984833598136902,1
TN3K_test_0456.jpg,1,0.9992768168449402,1
TN3K_test_0457.jpg,1,0.999264657497406,1
TN3K_test_0458.jpg,1,0.9890432357788086,1
TN3K_test_0459.jpg,1,0.9671363234519958,1
TN3K_test_0460.jpg,0,0.9984094500541687,1
TN3K_test_0461.jpg,0,0.999491274356842,1
TN3K_test_0462.jpg,1,0.7649840116500854,1
TN3K_test_0463.jpg,0,0.9988583326339722,1
TN3K_test_0464.jpg,1,0.9993035793304443,1
TN3K_test_0465.jpg,1,0.9992772936820984,1
TN3K_test_0466.jpg,1,0.8619999885559082,1
TN3K_test_0467.jpg,1,0.9993047714233398,1
TN3K_test_0468.jpg,1,0.9992250204086304,1
TN3K_test_0469.jpg,1,0.9988195300102234,1
TN3K_test_0470.jpg,1,0.9988545179367065,1
TN3K_test_0471.jpg,1,0.9993056058883667,1
TN3K_test_0472.jpg,1,0.9975524544715881,1
TN3K_test_0473.jpg,0,0.9991612434387207,1
TN3K_test_0474.jpg,0,0.9989379048347473,1
TN3K_test_0475.jpg,1,0.999254047870636,1
TN3K_test_0476.jpg,0,0.9980505108833313,1
TN3K_test_0477.jpg,1,0.9785470366477966,1
TN3K_test_0478.jpg,0,0.9992539882659912,1
TN3K_test_0479.jpg,0,0.5459197759628296,1
TN3K_test_0480.jpg,0,0.9992489218711853,1
TN3K_test_0481.jpg,1,0.9993125200271606,1
TN3K_test_0482.jpg,1,0.9993038177490234,1
TN3K_test_0483.jpg,1,0.9991751313209534,1
TN3K_test_0484.jpg,1,0.9993163347244263,1
TN3K_test_0485.jpg,1,0.9992793202400208,1
TN3K_test_0486.jpg,1,0.9992256164550781,1
TN3K_test_0487.jpg,1,0.999211311340332,1
TN3K_test_0488.jpg,1,0.9992790818214417,1
TN3K_test_0489.jpg,1,0.9900848865509033,1
TN3K_test_0490.jpg,1,0.9993159770965576,1
TN3K_test_0491.jpg,1,0.9993010759353638,1
TN3K_test_0492.jpg,0,0.99950110912323,1
TN3K_test_0493.jpg,1,0.9993044137954712,1
TN3K_test_0494.jpg,1,0.9992927312850952,1
TN3K_test_0495.jpg,1,0.9992737174034119,1
TN3K_test_0496.jpg,1,0.999060332775116,1
TN3K_test_0497.jpg,0,0.9993045330047607,1
TN3K_test_0498.jpg,1,0.9992408752441406,1
TN3K_test_0499.jpg,0,0.9933936595916748,1
TN3K_test_0500.jpg,1,0.5747897624969482,1
TN3K_test_0501.jpg,1,0.9993066787719727,1
TN3K_test_0502.jpg,1,0.9993007183074951,1
TN3K_test_0503.jpg,0,0.7861520051956177,1
TN3K_test_0504.jpg,0,0.9886438250541687,1
TN3K_test_0505.jpg,1,0.8753825426101685,1
TN3K_test_0506.jpg,1,0.9992891550064087,1
TN3K_test_0507.jpg,1,0.9991477727890015,1
TN3K_test_0508.jpg,1,0.9825948476791382,1
TN3K_test_0509.jpg,1,0.9989386200904846,1
TN3K_test_0510.jpg,1,0.9992455244064331,1
TN3K_test_0511.jpg,0,0.8817720413208008,1
TN3K_test_0512.jpg,1,0.9986094236373901,1
TN3K_test_0513.jpg,0,0.992618978023529,1
TN3K_test_0514.jpg,1,0.9975444674491882,1
TN3K_test_0515.jpg,1,0.6618795990943909,1
TN3K_test_0516.jpg,1,0.999279797077179,1
TN3K_test_0517.jpg,1,0.9992582201957703,1
TN3K_test_0518.jpg,1,0.9107414484024048,1
TN3K_test_0519.jpg,1,0.999099612236023,1
TN3K_test_0520.jpg,1,0.9993144273757935,1
TN3K_test_0521.jpg,1,0.996777355670929,1
TN3K_test_0522.jpg,1,0.9993017911911011,1
TN3K_test_0523.jpg,1,0.9992848038673401,1
TN3K_test_0524.jpg,1,0.9979863166809082,1
TN3K_test_0525.jpg,1,0.9884331822395325,1
TN3K_test_0526.jpg,0,0.951235830783844,1
TN3K_test_0527.jpg,1,0.9982415437698364,1
TN3K_test_0528.jpg,1,0.982951819896698,1
TN3K_test_0529.jpg,0,0.8544327020645142,1
TN3K_test_0530.jpg,1,0.9992843270301819,1
TN3K_test_0531.jpg,1,0.9987517595291138,1
TN3K_test_0532.jpg,1,0.9993113279342651,1
TN3K_test_0533.jpg,1,0.9993160963058472,1
TN3K_test_0534.jpg,0,0.9906004071235657,1
TN3K_test_0535.jpg,1,0.9993157386779785,1
TN3K_test_0536.jpg,1,0.9993031024932861,1
TN3K_test_0537.jpg,1,0.9992890357971191,1
TN3K_test_0538.jpg,1,0.9993095397949219,1
TN3K_test_0539.jpg,1,0.9991416931152344,1
TN3K_test_0540.jpg,1,0.9991162419319153,1
TN3K_test_0541.jpg,0,0.9995139241218567,1
TN3K_test_0542.jpg,1,0.9989628791809082,1
TN3K_test_0543.jpg,1,0.9705421924591064,1
TN3K_test_0544.jpg,1,0.997931957244873,1
TN3K_test_0545.jpg,1,0.9992994070053101,1
TN3K_test_0546.jpg,1,0.9992082715034485,1
TN3K_test_0547.jpg,1,0.9992817044258118,1
TN3K_test_0548.jpg,1,0.9992998838424683,1
TN3K_test_0549.jpg,0,0.9635447859764099,1
TN3K_test_0550.jpg,0,0.8970714807510376,1
TN3K_test_0551.jpg,1,0.9993201494216919,1
TN3K_test_0552.jpg,1,0.999295711517334,1
TN3K_test_0553.jpg,1,0.9992769360542297,1
TN3K_test_0554.jpg,0,0.9995373487472534,1
TN3K_test_0555.jpg,1,0.9991858601570129,1
TN3K_test_0556.jpg,1,0.9993199110031128,1
TN3K_test_0557.jpg,1,0.9992958307266235,1
TN3K_test_0558.jpg,1,0.9993158578872681,1
TN3K_test_0559.jpg,1,0.9991182684898376,1
TN3K_test_0560.jpg,1,0.9990222454071045,1
TN3K_test_0561.jpg,0,0.9888380169868469,1
TN3K_test_0562.jpg,0,0.5614085793495178,1
TN3K_test_0563.jpg,1,0.9974595904350281,1
TN3K_test_0564.jpg,1,0.9992963075637817,1
TN3K_test_0565.jpg,1,0.9993026256561279,1
TN3K_test_0566.jpg,0,0.981141984462738,1
TN3K_test_0567.jpg,1,0.9840973019599915,1
TN3K_test_0568.jpg,1,0.9993026256561279,1
TN3K_test_0569.jpg,0,0.9359714388847351,1
TN3K_test_0570.jpg,1,0.9992110729217529,1
TN3K_test_0571.jpg,0,0.9984321594238281,1
TN3K_test_0572.jpg,1,0.9992378950119019,1
TN3K_test_0573.jpg,0,0.996766209602356,1
TN3K_test_0574.jpg,0,0.9977744221687317,1
TN3K_test_0575.jpg,0,0.9529001712799072,1
TN3K_test_0576.jpg,1,0.9992576241493225,1
TN3K_test_0577.jpg,0,0.9994372129440308,1
TN3K_test_0578.jpg,1,0.932671070098877,1
TN3K_test_0579.jpg,1,0.9993221759796143,1
TN3K_test_0580.jpg,1,0.9993031024932861,1
TN3K_test_0581.jpg,1,0.9311419129371643,1
TN3K_test_0582.jpg,1,0.7929144501686096,1
TN3K_test_0583.jpg,1,0.999306321144104,1
TN3K_test_0584.jpg,1,0.9993053674697876,1
TN3K_test_0585.jpg,1,0.9992805123329163,1
TN3K_test_0586.jpg,1,0.9984386563301086,1
TN3K_test_0587.jpg,1,0.9993088245391846,1
TN3K_test_0588.jpg,1,0.9991601705551147,1
TN3K_test_0589.jpg,1,0.9992584586143494,1
TN3K_test_0590.jpg,0,0.8986726999282837,1
TN3K_test_0591.jpg,1,0.9991286396980286,1
TN3K_test_0592.jpg,0,0.9944415092468262,1
TN3K_test_0593.jpg,1,0.9992832541465759,1
TN3K_test_0594.jpg,0,0.7063237428665161,1
TN3K_test_0595.jpg,0,0.9995267391204834,1
TN3K_test_0596.jpg,0,0.9538620114326477,1
TN3K_test_0597.jpg,1,0.9992430210113525,1
TN3K_test_0598.jpg,1,0.9990139007568359,1
TN3K_test_0599.jpg,1,0.9989972710609436,1
TN3K_test_0600.jpg,1,0.9992309808731079,1
TN3K_test_0601.jpg,1,0.9992126226425171,1
TN3K_test_0602.jpg,1,0.9992257356643677,1
TN3K_test_0603.jpg,1,0.9992868304252625,1
TN3K_test_0604.jpg,1,0.9388509392738342,1
TN3K_test_0605.jpg,1,0.9990410208702087,1
TN3K_test_0606.jpg,0,0.5052440166473389,1
TN3K_test_0607.jpg,1,0.9992196559906006,1
TN3K_test_0608.jpg,1,0.9992659687995911,1
TN3K_test_0609.jpg,0,0.987125039100647,1
TN3K_test_0610.jpg,0,0.9934067726135254,1
TN3K_test_0611.jpg,1,0.9991587400436401,1
TN3K_test_0612.jpg,1,0.9852877855300903,1
TN3K_test_0613.jpg,1,0.9993163347244263,1
